tweet_id,favorite,retweet
892420643555336193,34051,7061
892177421306343426,29541,5334
891815181378084864,22253,3507
891689557279858688,37213,7267
891327558926688256,35566,7809
891087950875897856,17950,2619
890971913173991426,10440,1683
890729181411237888,57245,15868
890609185150312448,24686,3648
890240255349198849,28172,6141
890006608113172480,27233,6190
889880896479866881,24769,4195
889665388333682689,42339,8402
889638837579907072,23838,3744
889531135344209921,13445,1889
889278841981685760,22269,4469
888917238123831296,25841,3789
888804989199671297,22633,3567
888554962724278272,17455,2901
888078434458587136,19308,2918
887705289381826560,26824,4561
887517139158093824,41046,9906
887473957103951883,60606,15130
887343217045368832,29818,8874
887101392804085760,27177,5024
886983233522544640,30596,6356
886736880519319552,10566,2652
886680336477933568,19888,3757
886366144734445568,18693,2649
886267009285017600,105,4
886258384151887873,24714,5320
886054160059072513,0,93
885984800019947520,28811,5658
885528943205470208,31810,5368
885518971528720385,18149,3133
885311592912609280,0,15542
885167619883638784,19390,3687
884925521741709313,67768,15133
884876753390489601,24581,4704
884562892145688576,21479,3940
884441805382717440,24052,4825
884247878851493888,63712,17010
884162670584377345,18072,2516
883838122936631299,19332,2882
883482846933004288,40525,8325
883360690899218434,20101,3102
883117836046086144,32760,5569
882992080364220416,21143,3263
882762694511734784,24966,4119
882627270321602560,24775,5101
882268110199369728,39455,9712
882045870035918850,25939,4112
881906580714921986,21608,2879
881666595344535552,44855,9020
881633300179243008,113,8
881536004380872706,43746,13497
881268444196462592,20666,4529
880935762899988482,15180,2354
880872448815771648,18868,3228
880465832366813184,25186,5254
880221127280381952,23847,3499
880095782870896641,24528,3684
879862464715927552,19848,2945
879674319642796034,282,9
879492040517615616,20856,2647
879415818425184262,93501,37691
879376492567855104,14969,2669
879130579576475649,0,5780
879050749262655488,19978,3980
879008229531029506,16908,2261
878776093423087618,17268,3464
878604707211726852,26632,5971
878404777348136964,0,1087
878316110768087041,0,5568
878281511006478336,6843,1087
878057613040115712,37443,5780
877736472329191424,69813,15911
877611172832227328,0,70
877556246731214848,20086,3191
877316821321428993,24344,4376
877201837425926144,24023,4668
876838120628539392,18369,2826
876537666061221889,21220,4010
876484053909872640,16681,2016
876120275196170240,24877,3936
875747767867523072,22313,3608
875144289856114688,19555,4180
875097192612077568,24448,5158
875021211251597312,22734,4009
874680097055178752,24804,3945
874434818259525634,0,12298
874296783580663808,23163,3510
874057562936811520,20295,3408
874012996292530176,30361,8637
873580283840344065,21571,3364
873337748698140672,0,1337
873213775632977920,6365,1337
872967104147763200,24253,4590
872820683541237760,13162,3189
872620804844003328,18488,3088
872486979161796608,36395,7769
872122724285648897,30455,6888
871879754684805121,33374,9303
871762521631449091,18036,2987
871515927908634625,18033,2970
871166179821445120,0,4926
871102520638267392,18687,4725
871032628920680449,20311,3257
870804317367881728,30030,5309
870726314365509632,106,3
870656317836468226,10970,2223
870374049280663552,74580,22933
870308999962521604,19650,3571
870063196459192321,32652,7120
869772420881756160,38314,8753
869702957897576449,25252,5421
869596645499047938,14314,2654
869227993411051520,18274,3220
868880397819494401,58395,12338
868639477480148993,0,1764
868622495443632128,23834,4518
868552278524837888,9048,1764
867900495410671616,21776,3601
867774946302451713,30481,6295
867421006826221569,14468,2126
867072653475098625,0,101
867051520902168576,28941,6831
866720684873056260,17998,4154
866686824827068416,17270,2986
866450705531457537,109672,30425
866334964761202691,46965,12298
866094527597207552,0,7211
865718153858494464,23109,4893
865359393868664832,23793,4326
865006731092295680,25245,6718
864873206498414592,29045,7542
864279568663928832,13155,2602
864197398364647424,26819,7632
863907417377173506,18595,3616
863553081350529029,13788,3654
863471782782697472,0,2105
863432100342583297,21479,4582
863427515083354112,1968,80
863079547188785154,7958,958
863062471531167744,7583,2105
862831371563274240,17327,4495
862722525377298433,15454,3111
862457590147678208,18415,4283
862096992088072192,66794,20140
861383897657036800,32520,9336
861288531465048066,15467,3614
861005113778896900,15123,3357
860981674716409858,0,1864
860924035999428608,0,681
860563773140209665,6774,1864
860524505164394496,21440,4638
860276583193509888,16719,3096
860184849394610176,15120,5157
860177593139703809,0,26960
859924526012018688,17775,3605
859851578198683649,14076,3089
859607811541651456,16960,1368
859196978902773760,81167,26472
859074603037188101,30655,12051
858860390427611136,0,7126
858843525470990336,14231,3044
858471635011153920,19657,4292
858107933456039936,14362,2554
857989990357356544,14618,2282
857746408056729600,31062,9416
857393404942143489,5335,1451
857263160327368704,18385,4008
857214891891077121,207,16
857062103051644929,0,149
857029823797047296,17183,3515
856543823941562368,14953,2564
856526610513747968,10905,1667
856288084350160898,492,15
856282028240666624,25434,5618
855862651834028034,306,22
855860136149123072,4448,860
855857698524602368,10938,1879
855851453814013952,42327,16281
855818117272018944,24456,4843
855459453768019968,27315,7350
855245323840757760,0,5307
855138241867124737,0,36
854732716440526848,20849,5405
854482394044301312,26817,6061
854365224396361728,17333,4199
854120357044912130,29458,6652
854010172552949760,14971,2819
853760880890318849,26288,5149
853639147608842240,31791,8945
853299958564483072,14283,3196
852936405516943360,0,1804
852912242202992640,8318,1615
852672615818899456,13764,1935
852553447878664193,15018,3142
852311364735569921,30582,8947
852226086759018497,18475,6133
852189679701164033,10651,1437
851591660324737024,15083,3147
851464819735769094,22459,6364
851224888060895234,19206,5213
850753642995093505,28382,8160
850380195714523136,12171,2356
850333567704068097,3220,302
850145622816686080,15156,3418
850019790995546112,18919,4413
849776966551130114,28143,6875
849668094696017920,0,4479
849412302885593088,14784,2861
849336543269576704,10659,1708
849051919805034497,39350,7697
848690551926992896,23467,3953
848324959059550208,23040,4193
848213670039564288,7601,651
848212111729840128,15154,2739
847978865427394560,0,2954
847971574464610304,0,399
847962785489326080,21904,4621
847842811428974592,5060,1199
847617282490613760,6526,378
847606175596138505,17493,3120
847251039262605312,19155,3954
847157206088847362,18538,5291
847116187444137987,20054,2900
846874817362120707,18784,3582
846514051647705089,41551,10469
846505985330044928,13182,2794
846153765933735936,29378,8237
846139713627017216,29034,9247
846042936437604353,14935,2609
845812042753855489,27266,7934
845677943972139009,23646,4416
845397057150107648,7153,1635
845306882940190720,21799,4904
845098359547420673,0,7009
844979544864018432,12791,2333
844973813909606400,14051,2884
844580511645339650,15414,2842
844223788422217728,12810,2000
843981021012017153,14254,2719
843856843873095681,20123,4206
843604394117681152,15864,2499
843235543001513987,20147,5471
842846295480000512,14349,3332
842765311967449089,6343,1181
842535590457499648,17067,3213
842163532590374912,22942,5307
842115215311396866,13122,2784
841833993020538882,0,13690
841680585030541313,24231,7218
841439858740625411,11844,3354
841320156043304961,18580,5072
841314665196081154,14875,4274
841077006473256960,21540,4926
840761248237133825,0,1630
840728873075638272,0,14733
840698636975636481,166,2
840696689258311684,11582,897
840632337062862849,8503,1630
840370681858686976,15472,4211
840268004936019968,18076,5269
839990271299457024,12654,2093
839549326359670784,25789,7126
839290600511926273,0,135
839239871831150596,25448,5985
838952994649550848,18531,3696
838921590096166913,10516,1873
838916489579200512,0,31
838831947270979586,0,10128
838561493054533637,10354,1240
838476387338051585,21154,4377
838201503651401729,0,9286
838150277551247360,1579,307
838085839343206401,134,1
838083903487373313,16617,2868
837820167694528512,32120,7211
837482249356513284,3646,411
837471256429613056,12089,2078
837110210464448512,15197,2193
836989968035819520,12062,2136
836753516572119041,18288,4297
836677758902222849,11952,2044
836648853927522308,0,511
836397794269200385,0,25299
836380477523124226,14025,2772
836260088725786625,20145,4014
836001077879255040,18047,3935
835685285446955009,0,7502
835574547218894849,16813,3335
835536468978302976,0,1560
835309094223372289,0,19323
835297930240217089,15585,2765
835264098648616962,7308,1560
835246439529840640,2002,64
835172783151792128,24786,5337
835152434251116546,21117,2787
834931633769889797,10190,1501
834786237630337024,20412,5149
834574053763584002,12916,2335
834477809192075265,0,9862
834458053273591808,9108,1560
834209720923721728,19414,4376
834167344700198914,14981,3396
834089966724603904,9535,1983
834086379323871233,12360,2056
833863086058651648,12741,2227
833826103416520705,17227,3513
833732339549220864,0,207
833722901757046785,19856,3021
833479644947025920,14132,1900
833124694597443584,19154,4479
832998151111966721,12547,2037
832769181346996225,0,38
832757312314028032,16001,3356
832682457690300417,11241,2685
832645525019123713,2770,487
832636094638288896,15037,2587
832397543355072512,11343,2048
832369877331693569,16243,2954
832273440279240704,10761,2165
832215909146226688,0,5775
832215726631055365,0,8654
832088576586297345,60,2
832040443403784192,0,8900
832032802820481025,16937,4342
831939777352105988,22671,5705
831926988323639298,321,34
831911600680497154,26078,6028
831670449226514432,9882,1701
831650051525054464,6744,1804
831552930092285952,8529,2180
831322785565769729,8838,1453
831315979191906304,6227,1045
831309418084069378,11202,2289
831262627380748289,11272,1908
830956169170665475,7582,1387
830583320585068544,63001,15542
830173239259324417,0,5291
830097400375152640,9252,2728
829878982036299777,0,4640
829861396166877184,11639,1806
829501995190984704,30109,9862
829449946868879360,9957,1872
829141528400556032,23085,6835
829011960981237760,50722,15270
828801551087042563,0,3192
828770345708580865,24295,5442
828708714936930305,34550,10426
828650029636317184,9032,1257
828409743546925057,6080,1091
828408677031882754,7313,1197
828381636999917570,11982,2076
828376505180889089,7039,999
828372645993398273,11967,2746
828361771580813312,2086,166
828046555563323392,11138,2676
828011680017821696,9859,2013
827933404142436356,18995,4871
827653905312006145,14714,2814
827600520311402496,7099,870
827324948884643840,15071,2823
827199976799354881,10086,2076
826958653328592898,20474,4640
826848821049180160,34314,9423
826615380357632002,0,3711
826598799820865537,4905,232
826598365270007810,9522,2189
826476773533745153,17485,3924
826240494070030336,12616,2437
826204788643753985,4629,861
826115272272650244,14843,2888
825876512159186944,9991,1743
825829644528148480,12122,2350
825535076884762624,54451,16499
825147591692263424,17394,4219
825120256414846976,0,1176
825026590719483904,5962,1176
824796380199809024,0,5139
824775126675836928,14173,3299
824663926340194305,10000,1657
824325613288833024,11269,9970
824297048279236611,14338,3600
824025158776213504,4619,563
823939628516474880,10147,2559
823719002937630720,0,10423
823699002998870016,13326,2350
823581115634085888,12361,2460
823333489516937216,667,21
823322678127919110,14951,3748
823269594223824897,0,9273
822975315408461824,16507,3222
822872901745569793,124999,40248
822859134160621569,12547,2125
822647212903690241,0,5988
822610361945911296,14071,2749
822489057087389700,17227,5988
822462944365645825,26455,13246
822244816520155136,33320,9273
822163064745328640,0,4427
821886076407029760,10755,2161
821813639212650496,0,3136
821765923262631936,7968,1565
821522889702862852,7630,1640
821421320206483457,0,5165
821407182352777218,11177,4024
821153421864615936,238,9
821149554670182400,8175,1834
821107785811234820,9141,1988
821044531881721856,12037,2140
820837357901512704,0,6285
820749716845686786,30064,9286
820690176645140481,11662,3018
820494788566847489,0,523
820446719150292993,0,2408
820314633777061888,3187,523
820078625395449857,18783,5845
820013781606658049,0,1088
819952236453363712,5060,1088
819924195358416896,12322,4567
819711362133872643,12722,2898
819588359383371776,9228,1873
819347104292290561,6892,1122
819238181065359361,2154,383
819227688460238848,21934,6285
819015337530290176,0,34793
819015331746349057,0,17907
819006400881917954,43317,17907
819004803107983360,83234,34793
818646164899774465,0,19587
818627210458333184,21386,7104
818614493328580609,9377,2365
818588835076603904,0,5734
818536468981415936,10346,2291
818307523543449600,0,7512
818259473185828864,10481,2103
818145370475810820,11686,2386
817908911860748288,4638,744
817827839487737858,48952,25299
817777686764523521,10285,2537
817536400337801217,11202,2748
817502432452313088,0,3172
817423860136083457,32075,13690
817415592588222464,5337,895
817181837579653120,0,7930
817171292965273600,8363,1883
817120970343411712,11624,2428
817056546584727552,8189,1533
816829038950027264,0,4419
816816676327063552,9557,1898
816697700272001025,9322,2068
816450570814898180,28897,7512
816336735214911488,8220,1813
816091915477250048,8538,1997
816062466425819140,0,948
816014286006976512,0,4918
815990720817401858,4718,948
815966073409433600,21303,7930
815745968457060357,0,3887
815736392542261248,9379,2133
815639385530101762,7874,1565
815390420867969024,9897,3595
814986499976527872,7314,1198
814638523311648768,10763,2541
814578408554463233,0,5488
814530161257443328,8259,1750
814153002265309185,27460,8154
813944609378369540,0,2981
813910438903693312,8921,1745
813812741911748608,34888,13128
813800681631023104,7941,1662
813217897535406080,17804,6890
813202720496779264,8831,1719
813187593374461952,18987,4082
813172488309972993,8867,1818
813157409116065792,7426,2075
813142292504645637,8145,2260
813130366689148928,4301,421
813127251579564032,11296,2928
813112105746448384,9867,2580
813096984823349248,10113,3419
813081950185472002,9490,2616
813066809284972545,7599,1850
813051746834595840,20065,6902
812781120811126785,7199,1792
812709060537683968,6339,1364
812503143955202048,5791,1156
812466873996607488,7628,1809
812372279581671427,13039,3456
811985624773361665,6964,1320
811744202451197953,7213,1491
811647686436880384,5354,689
811627233043480576,12156,2877
811386762094317568,19996,6030
810984652412424192,5097,1345
810896069567610880,8611,1653
810657578271330305,10498,2487
810284430598270976,33572,10560
810254108431155201,14094,3192
809920764300447744,14899,3711
809808892968534016,0,4619
809448704142938112,6658,1380
809220051211603969,19044,5291
809084759137812480,12660,3331
808838249661788160,9713,2881
808733504066486276,7559,2040
808501579447930884,10851,2469
808344865868283904,40469,19587
808134635716833280,0,5557
808106460588765185,8464,2082
808001312164028416,11952,3338
807621403335917568,13965,3416
807106840509214720,112452,52045
807059379405148160,0,6943
807010152071229440,12595,3667
806629075125202948,71118,32602
806620845233815552,0,5186
806576416489959424,4686,1840
806542213899489280,9792,2233
806242860592926720,0,10954
806219024703037440,6180,1142
805958939288408065,0,5048
805932879469572096,7945,1817
805826884734976000,6291,1725
805823200554876929,0,7528
805520635690676224,5527,1566
805487436403003392,8415,2388
805207613751304193,7537,1634
804738756058218496,13091,3620
804475857670639616,5889,1906
804413760345620481,0,3026
804026241225523202,42366,15148
803773340896923648,9630,2598
803692223237865472,0,6976
803638050916102144,10448,3916
803380650405482500,7453,1779
803321560782307329,0,4997
803276597545603072,9624,2310
802952499103731712,8641,1894
802624713319034886,0,2744
802600418706604034,6823,1389
802572683846291456,8590,2376
802323869084381190,15467,5520
802265048156610565,6664,1305
802239329049477120,8722,2474
802185808107208704,0,254
801958328846974976,7423,1608
801854953262350336,1740,222
801538201127157760,7887,1970
801285448605831168,5802,780
801167903437357056,23367,5557
801127390143516673,0,3728
801115127852503040,7739,1994
800859414831898624,654,91
800855607700029440,0,1528
800751577355128832,10162,2656
800513324630806528,12613,2848
800459316964663297,9116,2073
800443802682937345,0,4061
800388270626521089,10695,2644
800188575492947969,0,3727
800141422401830912,14633,2408
800018252395122689,27095,12406
799774291445383169,0,4411
799757965289017345,8043,2023
799422933579902976,7755,1814
799308762079035393,0,5127
799297110730567681,9461,2587
799063482566066176,7747,2358
798933969379225600,12514,4186
798925684722855936,7216,1373
798705661114773508,0,6259
798701998996647937,0,7308
798697898615730177,0,6137
798694562394996736,0,4675
798686750113755136,0,2196
798682547630837760,0,4470
798673117451325440,0,5267
798665375516884993,0,3699
798644042770751489,0,1749
798628517273620480,0,1871
798585098161549313,0,5320
798576900688019456,0,5517
798340744599797760,0,3164
798209839306514432,10004,2436
797971864723324932,11058,2911
797545162159308800,13987,4647
797236660651966464,19081,6201
797165961484890113,215,25
796904159865868288,0,8416
796865951799083009,7373,1845
796759840936919040,11299,2862
796563435802726400,0,6800
796484825502875648,7250,1665
796387464403357696,10538,3917
796177847564038144,0,13471
796149749086875649,30760,13471
796125600683540480,4766,1696
796116448414461957,8715,2267
796080075804475393,8081,2183
796031486298386433,10360,3523
795464331001561088,47127,22126
795400264262053889,9589,2699
795076730285391872,15455,5139
794983741416415232,0,3179
794926597468000259,9758,2176
794355576146903043,0,9738
794332329137291264,9219,2553
794205286408003585,8841,3138
793962221541933056,16038,4619
793845145112371200,8839,1757
793614319594401792,0,2947
793601777308463104,7640,1525
793500921481273345,10202,2249
793286476301799424,23521,8654
793271401113350145,8323,2267
793256262322548741,19071,7872
793241302385262592,10061,3106
793226087023144960,9357,2737
793210959003287553,8543,2628
793195938047070209,14555,5319
793180763617361921,6617,1876
793165685325201412,8980,2639
793150605191548928,5900,1603
793135492858580992,6131,2373
793120401413079041,12119,3709
792913359805018113,13701,3737
792883833364439040,10799,4044
792773781206999040,7059,1585
792394556390137856,12819,4045
792050063153438720,6835,1683
791821351946420224,0,19872
791784077045166082,0,8959
791780927877898241,0,3580
791774931465953280,43043,20914
791672322847637504,11236,2947
791406955684368384,12583,3887
791312159183634433,8389,2386
791026214425268224,0,3849
790987426131050500,9378,2003
790946055508652032,15974,4419
790723298204217344,0,2167
790698755171364864,7873,1818
790581949425475584,19714,6702
790337589677002753,7486,1784
790277117346975746,11995,2981
790227638568808452,0,3343
789986466051088384,8874,2167
789960241177853952,0,3877
789903600034189313,9868,3905
789628658055020548,7147,1659
789599242079838210,6428,1806
789530877013393408,11182,3179
789314372632018944,8258,2157
789280767834746880,0,4621
789268448748703744,8729,2464
789137962068021249,9301,2628
788908386943430656,26278,11786
788765914992902144,26121,9738
788552643979468800,0,6708
788412144018661376,14824,4968
788178268662984705,6941,1989
788150585577050112,5842,1208
788070120937619456,0,3238
788039637453406209,5837,1241
787810552592695296,8213,2862
787717603741622272,9790,2607
787397959788929025,10417,2693
787322443945877504,7453,1638
787111942498508800,0,6343
786963064373534720,25474,7502
786729988674449408,0,2290
786709082849828864,17483,5775
786664955043049472,10123,2384
786595970293370880,9061,2954
786363235746385920,10359,3248
786286427768250368,7611,2668
786233965241827333,14523,4427
786051337297522688,1365,150
786036967502913536,0,6544
785927819176054784,10901,3013
785872687017132033,6388,1686
785639753186217984,7524,2115
785533386513321988,8656,1853
785515384317313025,5851,1179
785264754247995392,6946,1528
785170936622350336,11456,4534
784826020293709826,9629,3026
784517518371221505,8571,2378
784431430411685888,5478,1194
784183165795655680,19088,7528
784057939640352768,28311,10423
783839966405230592,28591,10128
783821107061198850,7035,1839
783695101801398276,9935,3012
783466772167098368,8043,2089
783391753726550016,16108,5126
783347506784731136,0,5185
783334639985389568,27685,10954
783085703974514689,7795,2038
782969140009107456,23002,6943
782747134529531904,7124,1330
782722598790725632,16416,5048
782598640137187329,7443,1775
782305867769217024,15829,5165
782021823840026624,0,5788
781955203444699136,10649,3164
781661882474196992,9941,2544
781655249211752448,3813,1063
781524693396357120,19734,5186
781308096455073793,6799,2396
781251288990355457,7973,1946
781163403222056960,9347,2599
780931614150983680,20619,6800
780858289093574656,6866,1881
780800785462489090,5229,1208
780601303617732608,11519,3136
780543529827336192,5989,1639
780496263422808064,0,3460
780476555013349377,0,104
780459368902959104,5038,1011
780192070812196864,8274,2108
780092040432480260,0,2151
780074436359819264,11511,4613
779834332596887552,17873,6544
779377524342161408,8325,2912
779124354206535695,0,17106
779056095788752897,14030,4243
778990705243029504,18881,6694
778774459159379968,0,9220
778764940568104960,825,339
778748913645780993,6512,1217
778650543019483137,5449,1399
778624900596654080,4366,944
778408200802557953,12952,4036
778396591732486144,0,11411
778383385161035776,5541,1024
778286810187399168,9829,3089
778039087836069888,8039,2485
778027034220126208,6237,1501
777953400541634568,0,3290
777885040357281792,6036,1525
777684233540206592,10702,2744
777641927919427584,0,3950
777621514455814149,8289,2353
777189768882946048,13425,4014
776819012571455488,0,12699
776813020089548800,4638,1124
776477788987613185,8310,2581
776249906839351296,0,8524
776218204058357768,28297,14822
776201521193218049,9076,2354
776113305656188928,11200,4061
776088319444877312,1730,142
775898661951791106,0,15638
775842724423557120,11123,2482
775733305207554048,13188,3728
775729183532220416,12355,4316
775364825476165632,6992,2741
775350846108426240,9644,3649
775085132600442880,14751,4411
774757898236878852,8199,1668
774639387460112384,6400,1621
774314403806253056,20687,5127
773985732834758656,10227,3605
773922284943896577,6101,1634
773704687002451968,6277,1507
773670353721753600,5092,1234
773547596996571136,20963,5734
773336787167145985,0,4713
773308824254029826,22169,7009
773247561583001600,8961,3031
773191612633579521,9467,3836
772877495989305348,8100,3601
772826264096874500,7624,2225
772615324260794368,0,3137
772581559778025472,6161,1595
772193107915964416,5714,1300
772152991789019136,3618,1061
772117678702071809,3575,691
772114945936949249,2600,441
772102971039580160,3795,873
771908950375665664,6229,1766
771770456517009408,11390,3164
771500966810099713,7836,2436
771380798096281600,9979,4713
771171053431250945,0,6941
771136648247640064,8677,2730
771102124360998913,5909,1343
771014301343748096,6533,1548
770787852854652928,4653,1112
770772759874076672,4925,1333
770655142660169732,6971,1675
770414278348247044,5992,1941
770293558247038976,5890,1364
770093767776997377,0,2834
770069151037685760,7203,2136
769940425801170949,29504,8900
769695466921623552,6097,1570
769335591808995329,0,7182
769212283578875904,5114,1610
768970937022709760,13513,6045
768909767477751808,0,2466
768855141948723200,3966,831
768609597686943744,3889,1111
768596291618299904,4773,1195
768554158521745409,0,5419
768473857036525572,12866,3179
768193404517830656,10266,3290
767884188863397888,4498,1272
767754930266464257,15114,4997
767500508068192258,7101,2167
767191397493538821,11617,3498
767122157629476866,9616,2670
766793450729734144,4787,1262
766714921925144576,2480,351
766693177336135680,3815,735
766423258543644672,5676,1464
766313316352462849,6390,1745
766078092750233600,0,2442
766069199026450432,3979,786
766008592277377025,3567,464
765719909049503744,6856,2008
765669560888528897,4897,1140
765395769549590528,25313,3134
765371061932261376,6737,2020
765222098633691136,11002,3137
764857477905154048,6127,1656
764259802650378240,5681,1408
763956972077010945,735,50
763837565564780549,11850,3849
763183847194451968,5096,1378
763167063695355904,0,2775
763103485927849985,6986,2143
762699858130116608,11449,3343
762471784394268675,10588,5961
762464539388485633,9711,3877
762316489655476224,4531,1031
762035686371364864,30011,14392
761976711479193600,5091,1847
761750502866649088,0,3611
761745352076779520,4057,800
761672994376806400,46616,26960
761599872357261312,3914,1109
761371037149827077,0,16779
761334018830917632,4869,1351
761292947749015552,4238,1011
761227390836215808,5037,1459
761004547850530816,10726,3238
760893934457552897,3600,900
760656994973933572,6219,1762
760641137271070720,4716,1197
760539183865880579,7130,3367
760521673607086080,3959,1294
760290219849637889,25291,10647
760252756032651264,3738,805
760190180481531904,5396,1664
760153949710192640,0,30
759943073749200896,5585,1940
759846353224826880,6341,1816
759793422261743616,5621,1772
759557299618865152,4428,1114
759447681597108224,8007,2290
759446261539934208,1577,457
759197388317847553,5744,1813
759159934323924993,0,1075
759099523532779520,13727,3853
759047813560868866,6120,1859
758854675097526272,3356,851
758828659922702336,10578,3579
758740312047005698,5412,1507
758474966123810816,3581,925
758467244762497024,4509,2041
758405701903519748,4907,1772
758355060040593408,3177,974
758099635764359168,17860,9220
758041019896193024,2549,344
757741869644341248,6461,3049
757729163776290825,0,7260
757725642876129280,4273,1119
757611664640446465,4320,1015
757597904299253760,0,283
757596066325864448,4098,965
757400162377592832,14236,6365
757393109802180609,5481,1591
757354760399941633,4239,1307
756998049151549440,5906,1847
756939218950160384,6265,1853
756651752796094464,4742,1200
756526248105566208,9771,3323
756303284449767430,3725,1017
756288534030475264,41521,16436
756275833623502848,6025,1418
755955933503782912,6869,2655
755206590534418437,15417,4943
755110668769038337,19893,10265
754874841593970688,0,7288
754856583969079297,6488,2322
754747087846248448,2431,481
754482103782404096,4974,1809
754449512966619136,3527,677
754120377874386944,7442,2183
753655901052166144,5490,2009
753420520834629632,7394,3260
753398408988139520,5396,1750
753375668877008896,7199,2151
753298634498793472,0,5253
753294487569522689,3148,965
753039830821511168,34837,19323
753026973505581056,3688,884
752932432744185856,11838,6343
752917284578922496,6545,1452
752701944171524096,0,2642
752682090207055872,5645,1472
752660715232722944,4107,1441
752568224206688256,5152,2104
752519690950500352,6904,3186
752334515931054080,3617,1015
752309394570878976,0,14978
752173152931807232,5581,1685
751950017322246144,2872,841
751937170840121344,4860,1209
751830394383790080,5468,1805
751793661361422336,5441,2646
751598357617971201,7471,2851
751583847268179968,4132,1011
751538714308972544,4756,1156
751456908746354688,3032,926
751251247299190784,11823,5431
751205363882532864,5944,1681
751132876104687617,4768,1195
750868782890057730,4497,1260
750719632563142656,12361,4621
750506206503038976,4171,1064
750429297815552001,12372,3950
750383411068534784,4293,1046
750381685133418496,673,27
750147208377409536,2938,880
750132105863102464,3400,1193
750117059602808832,4092,1219
750101899009982464,2865,779
750086836815486976,2041,496
750071704093859840,7308,3054
750056684286914561,2970,830
750041628174217216,2983,570
750026558547456000,2551,726
750011400160841729,3028,827
749996283729883136,2856,763
749981277374128128,4810,2290
749774190421639168,4386,1226
749417653287129088,5726,1523
749403093750648834,2458,495
749395845976588288,8006,3184
749317047558017024,5137,2061
749075273010798592,5396,1905
749064354620928000,4529,1423
749036806121881602,2899,733
748977405889503236,10110,3158
748932637671223296,5445,2077
748705597323898880,2606,884
748699167502000129,4447,1465
748692773788876800,3972,1236
748575535303884801,5679,1824
748568946752774144,2067,616
748346686624440324,4897,1134
748337862848962560,7110,3762
748324050481647620,3476,701
748307329658011649,3469,661
748220828303695873,13236,7177
747963614829678593,5425,1971
747933425676525569,6221,2372
747885874273214464,2738,885
747844099428986880,2651,681
747816857231626240,4526,1067
747651430853525504,1279,144
747648653817413632,12054,5368
747600769478692864,2183,524
747594051852075008,3447,956
747512671126323200,5165,1489
747461612269887489,3626,955
747439450712596480,5071,1762
747242308580548608,0,2662
747219827526344708,4929,1454
747204161125646336,3147,840
747103485104099331,8950,3656
746906459439529985,2743,272
746872823977771008,5615,1964
746818907684614144,4984,1610
746790600704425984,4544,1474
746757706116112384,8919,3580
746726898085036033,5674,1652
746542875601690625,4720,1757
746521445350707200,0,906
746507379341139972,4368,996
746369468511756288,5809,1501
746131877086527488,6437,2018
746056683365994496,3346,753
745789745784041472,3717,971
745712589599014916,6552,2148
745433870967832576,6593,2330
745422732645535745,7999,2215
745314880350101504,6648,2506
745074613265149952,7325,3209
745057283344719872,6811,2070
744995568523612160,2770,571
744971049620602880,7352,2461
744709971296780288,5258,1453
744334592493166593,6372,1951
744234799360020481,145663,71228
744223424764059648,1543,329
743980027717509120,3927,1012
743895849529389061,3427,888
743835915802583040,0,1884
743609206067040256,4187,1280
743595368194129920,17085,6004
743545585370791937,3301,869
743510151680958465,7458,3440
743253157753532416,3959,1130
743222593470234624,5780,1760
743210557239623680,3579,1248
742534281772302336,6603,3302
742528092657332225,4137,1806
742465774154047488,6802,3627
742423170473463808,9173,3460
742385895052087300,6338,1790
742161199639494656,4025,1255
742150209887731712,4754,1419
741793263812808706,4244,1393
741743634094141440,7602,2527
741438259667034112,3441,754
741303864243200000,8205,2953
741099773336379392,9301,5062
741067306818797568,8933,2834
740995100998766593,5876,2495
740711788199743490,3168,872
740699697422163968,2674,715
740676976021798912,16967,6259
740373189193256964,32839,12225
740365076218183684,2274,391
740359016048689152,3064,801
740214038584557568,6236,1799
739979191639244800,18644,5419
739932936087216128,3791,991
739844404073074688,3551,799
739623569819336705,3517,1248
739606147276148736,5033,1502
739544079319588864,36728,19409
739485634323156992,6640,2661
739238157791694849,107882,53252
738891149612572673,92,6
738885046782832640,3526,1054
738883359779196928,3065,726
738537504001953792,4736,1408
738402415918125056,3037,748
738184450748633089,4006,1117
738166403467907072,8145,3057
738156290900254721,2305,587
737826014890496000,4874,1622
737800304142471168,9333,3190
737678689543020544,4671,1215
737445876994609152,9524,4100
737322739594330112,3348,744
737310737551491075,13626,6790
736736130620620800,3924,1557
736392552031657984,16475,6708
736365877722001409,3700,1124
736225175608430592,7552,2562
736010884653420544,7313,2727
735991953473572864,3317,1042
735648611367784448,3762,1024
735635087207878657,5707,2160
735274964362878976,12129,4586
735256018284875776,3095,811
735137028879360001,2906,890
734912297295085568,2567,479
734787690684657664,11652,5798
734776360183431168,2343,494
734559631394082816,1384,358
733828123016450049,3328,723
733822306246479872,3414,941
733482008106668032,2897,857
733460102733135873,3899,1150
733109485275860992,49728,15638
732732193018155009,2255,487
732726085725589504,3318,808
732585889486888962,3387,719
732375214819057664,7491,2301
732005617171337216,13803,4918
731285275100512256,3252,909
731156023742988288,3570,1148
730924654643314689,5691,1803
730573383004487680,4508,1936
730427201120833536,3225,949
730211855403241472,3527,966
730196704625098752,4474,1716
729854734790754305,3748,1026
729838605770891264,1609,342
729823566028484608,3682,1137
729463711119904772,5361,2112
729113531270991872,1752,290
728986383096946689,2913,745
728760639972315136,4335,1556
728751179681943552,2567,621
728653952833728512,3084,957
728409960103686147,4543,1838
728387165835677696,3451,884
728046963732717569,3972,1092
728035342121635841,4202,1525
728015554473250816,3826,1002
727685679342333952,2761,581
727644517743104000,5444,1604
727524757080539137,4148,1101
727314416056803329,3085,678
727286334147182592,2853,753
727175381690781696,3619,1255
727155742655025152,3353,1209
726935089318363137,6352,2228
726887082820554753,3558,1383
726828223124897792,3333,928
726224900189511680,4118,1051
725842289046749185,6577,2442
725786712245440512,3883,1261
725729321944506368,4835,1621
725458796924002305,1311,563
724983749226668032,3462,1181
724771698126512129,2173,571
724405726123311104,4906,1529
724049859469295616,4015,1635
724046343203856385,2474,514
724004602748780546,3860,1404
723912936180330496,3626,1139
723688335806480385,7096,2664
723673163800948736,2816,820
723179728551723008,4896,1709
722974582966214656,3809,1450
722613351520608256,4619,1503
721503162398597120,4270,1660
721001180231503872,2368,559
720785406564900865,2881,704
720775346191278080,2272,578
720415127506415616,3826,1376
720389942216527872,5915,2284
720340705894408192,2646,890
720059472081784833,3584,1030
720043174954147842,4613,1842
719991154352222208,4513,1607
719704490224398336,4213,1308
719551379208073216,4680,1726
719367763014393856,2615,692
719339463458033665,4141,1130
719332531645071360,3204,868
718971898235854848,3224,989
718939241951195136,4844,1600
718631497683582976,17528,7308
718613305783398402,2273,432
718540630683709445,2257,929
718460005985447936,2524,481
718454725339934721,4539,1390
718246886998687744,1772,452
718234618122661888,3599,919
717841801130979328,2292,551
717790033953034240,2651,997
717537687239008257,5363,1681
717428917016076293,1494,409
717421804990701568,2912,766
717047459982213120,5847,1755
717009362452090881,3004,879
716802964044845056,3988,1060
716791146589110272,7805,1467
716730379797970944,1141,398
716447146686459905,12109,5367
716439118184652801,2218,194
716285507865542656,2578,973
716080869887381504,6302,1725
715928423106027520,2956,803
715758151270801409,3447,1304
715733265223708672,4329,1549
715704790270025728,2579,518
715696743237730304,3642,1182
715680795826982913,3999,1461
715360349751484417,5075,1426
715342466308784130,2816,630
715220193576927233,2238,598
715200624753819648,4797,1709
715009755312439296,3849,1117
714982300363173890,3456,943
714962719905021952,6810,3879
714957620017307648,3847,1294
714631576617938945,3044,908
714606013974974464,3374,842
714485234495041536,2472,1022
714258258790387713,2842,676
714251586676113411,3051,772
714214115368108032,2130,808
714141408463036416,4036,1291
713919462244790272,3066,730
713909862279876608,1765,494
713900603437621249,2639,668
713761197720473600,4503,1250
713411074226274305,4125,1198
713177543487135744,6701,2614
713175907180089344,4125,1344
712809025985978368,17699,6137
712717840512598017,11416,4544
712668654853337088,3854,1110
712438159032893441,4945,1434
712309440758808576,222,24
712097430750289920,3498,948
712092745624633345,2735,820
712085617388212225,3043,445
712065007010385924,2086,574
711998809858043904,0,122
711968124745228288,7485,2114
711743778164514816,2636,917
711732680602345472,8154,3734
711694788429553666,30538,16779
711652651650457602,3573,833
711363825979756544,3351,1025
711306686208872448,3079,683
711008018775851008,2768,562
710997087345876993,4253,1274
710844581445812225,2370,621
710833117892898816,2493,484
710658690886586372,2161,523
710609963652087808,4463,2173
710588934686908417,4209,1716
710296729921429505,2219,674
710283270106132480,2014,486
710272297844797440,4180,1157
710269109699739648,2214,1028
710153181850935296,2703,820
710140971284037632,2544,813
710117014656950272,5065,1800
709918798883774466,3255,1003
709901256215666688,613,95
709852847387627521,3259,1103
709566166965075968,3285,1085
709556954897764353,3046,985
709519240576036864,1396,219
709449600415961088,2039,522
709409458133323776,2444,626
709225125749587968,2227,525
709207347839836162,11518,5229
709198395643068416,2287,593
709179584944730112,1869,615
709158332880297985,1887,370
709042156699303936,4375,1495
708853462201716736,1674,597
708845821941387268,2755,813
708834316713893888,1566,459
708810915978854401,15356,6319
708738143638450176,2561,750
708711088997666817,2355,649
708479650088034305,2365,626
708469915515297792,2875,738
708400866336894977,14786,9163
708356463048204288,3327,1211
708349470027751425,2203,681
708149363256774660,4014,1422
708130923141795840,3130,788
708119489313951744,2497,902
708109389455101952,1815,507
708026248782585858,4094,1765
707995814724026368,2896,1023
707983188426153984,46,2
707969809498152960,2505,874
707776935007539200,3032,878
707741517457260545,2305,560
707738799544082433,3756,2226
707693576495472641,3149,921
707629649552134146,2380,794
707610948723478529,15764,5788
707420581654872064,2088,638
707411934438625280,2132,550
707387676719185920,3239,1155
707377100785885184,3039,986
707315916783140866,2306,587
707297311098011648,2599,717
707059547140169728,2419,623
707038192327901184,2031,725
707021089608753152,3776,1241
707014260413456384,2133,549
706904523814649856,13554,7182
706901761596989440,1900,529
706681918348251136,3054,898
706644897839910912,2371,995
706593038911545345,2002,585
706538006853918722,3223,1309
706516534877929472,2896,941
706346369204748288,3200,847
706310011488698368,19709,7200
706291001778950144,1579,440
706265994973601792,2540,857
706169069255446529,3617,2015
706166467411222528,4770,1470
706153300320784384,1373,347
705975130514706432,2883,670
705970349788291072,2953,807
705898680587526145,2205,503
705786532653883392,1810,469
705591895322394625,2942,1044
705475953783398401,2773,838
705442520700944385,4094,1476
705428427625635840,3543,1534
705239209544720384,2793,681
705223444686888960,2398,726
705102439679201280,1984,478
705066031337840642,2035,558
704871453724954624,3997,1027
704859558691414016,2091,481
704847917308362754,4737,1382
704819833553219584,2463,903
704761120771465216,6184,2662
704499785726889984,2683,914
704491224099647488,695,71
704480331685040129,3168,990
704364645503647744,7403,3254
704347321748819968,1458,316
704134088924532736,1399,414
704113298707505153,1726,524
704054845121142784,2711,846
703774238772166656,1719,408
703769065844768768,3035,1029
703631701117943808,2378,606
703611486317502464,3577,1392
703425003149250560,3528,1233
703407252292673536,2272,626
703382836347330562,3246,1041
703356393781329922,1782,350
703268521220972544,1840,496
703079050210877440,6871,2828
703041949650034688,24532,11411
702932127499816960,2387,658
702899151802126337,1493,414
702684942141153280,3008,971
702671118226825216,2033,512
702598099714314240,11418,3162
702539513671897089,2674,882
702332542343577600,2961,1398
702321140488925184,3059,959
702276748847800320,2300,699
702217446468493312,4437,1233
701981390485725185,3193,903
701952816642965504,3575,941
701889187134500865,3279,1266
701805642395348998,3154,1521
701601587219795968,1948,420
701570477911896070,2602,850
701545186879471618,2480,556
701214700881756160,11366,4675
700890391244103680,2060,514
700864154249383937,2425,567
700847567345688576,2295,453
700796979434098688,2270,868
700747788515020802,21181,8524
700518061187723268,2422,729
700505138482569216,2129,527
700462010979500032,3816,1635
700167517596164096,2454,663
700151421916807169,2075,619
700143752053182464,6983,2466
700062718104104960,2466,623
700029284593901568,1933,536
700002074055016451,3052,1217
699801817392291840,2793,860
699788877217865730,2080,475
699779630832685056,2527,1122
699775878809702401,1823,547
699691744225525762,9542,4202
699446877801091073,5560,2419
699434518667751424,2046,470
699423671849451520,1259,293
699413908797464576,1941,579
699370870310113280,1759,397
699323444782047232,2921,786
699088579889332224,2100,571
699079609774645248,2276,582
699072405256409088,2747,1086
699060279947165696,3463,1639
699036661657767936,2423,1102
698989035503689728,3099,884
698953797952008193,2510,838
698907974262222848,2359,558
698710712454139905,2293,623
698703483621523456,1337,339
698635131305795584,1205,318
698549713696649216,2162,564
698355670425473025,1715,400
698342080612007937,2093,879
698262614669991936,4436,1811
698195409219559425,15652,5488
698178924120031232,2614,682
697995514407682048,1421,309
697990423684476929,3047,1180
697943111201378304,2221,621
697881462549430272,2808,1065
697630435728322560,1613,501
697616773278015490,2909,928
697596423848730625,2802,1148
697575480820686848,1904,460
697516214579523584,1893,1008
697482927769255936,2257,612
697463031882764288,3197,1283
697270446429966336,4385,1728
697259378236399616,3066,911
697255105972801536,2865,1063
697242256848379904,2348,621
696900204696625153,2945,948
696894894812565505,2187,624
696886256886657024,4486,1640
696877980375769088,2281,647
696754882863349760,1379,330
696744641916489729,1910,844
696713835009417216,2195,590
696518437233913856,3663,1583
696490539101908992,1140,127
696488710901260288,2326,933
696405997980676096,2954,1060
696100768806522880,1796,590
695816827381944320,2787,1064
695794761660297217,2939,714
695767669421768709,1722,670
695629776980148225,4236,1910
695446424020918272,4127,1670
695409464418041856,8070,3281
695314793360662529,3373,1317
695095422348574720,2482,554
695074328191332352,2631,1003
695064344191721472,1493,533
695051054296211456,2453,727
694925794720792577,2521,832
694905863685980160,2561,850
694669722378485760,33325,13185
694356675654983680,1398,256
694352839993344000,1892,550
694342028726001664,1476,439
694329668942569472,1844,457
694206574471057408,3848,1874
694183373896572928,2736,849
694001791655137281,3171,932
693993230313091072,1751,367
693942351086120961,1636,333
693647888581312512,2500,524
693644216740769793,1272,115
693642232151285760,2375,381
693629975228977152,2277,727
693622659251335168,1429,341
693590843962331137,4691,1798
693582294167244802,1528,224
693486665285931008,1645,578
693280720173801472,3114,1134
693267061318012928,2214,737
693262851218264065,2063,456
693231807727280129,2687,680
693155686491000832,7323,2925
693109034023534592,1580,556
693095443459342336,1715,409
692919143163629568,2521,704
692905862751522816,2258,799
692901601640583168,1635,547
692894228850999298,2099,722
692828166163931137,2681,810
692752401762250755,6331,3343
692568918515392513,4060,1409
692535307825213440,2932,1244
692530551048294401,1720,373
692423280028966913,1382,201
692417313023332352,8732,3172
692187005137076224,2355,753
692158366030913536,1989,728
692142790915014657,1525,356
692041934689402880,3146,1146
692017291282812928,2694,880
691820333922455552,3695,1508
691793053716221953,7549,3866
691756958957883396,2625,899
691675652215414786,1808,464
691483041324204033,2221,508
691459709405118465,3763,1035
691444869282295808,2455,759
691416866452082688,18018,6976
691321916024623104,2405,607
691096613310316544,2784,806
691090071332753408,1612,310
690989312272396288,5493,2641
690959652130045952,3335,1126
690938899477221376,3802,1769
690932576555528194,3060,918
690735892932222976,3525,1163
690728923253055490,2019,473
690690673629138944,2170,758
690649993829576704,1209,251
690607260360429569,280,15
690597161306841088,1804,556
690400367696297985,1755,411
690374419777196032,2995,771
690360449368465409,2470,804
690348396616552449,1382,471
690248561355657216,1554,373
690021994562220032,2601,936
690015576308211712,2328,669
690005060500217858,3409,1552
689999384604450816,1316,333
689993469801164801,1359,414
689977555533848577,1277,412
689905486972461056,2277,630
689877686181715968,2824,1057
689835978131935233,2036,694
689661964914655233,3020,857
689659372465688576,9617,3515
689623661272240129,2060,586
689599056876867584,10853,5067
689557536375177216,1917,414
689517482558820352,3164,1313
689289219123089408,2086,857
689283819090870273,3042,1010
689280876073582592,1839,646
689275259254616065,1063,228
689255633275777024,2382,987
689154315265683456,2877,907
689143371370250240,1878,463
688916208532455424,2522,779
688908934925697024,1957,711
688898160958271489,1943,714
688894073864884227,2074,626
688828561667567616,1288,328
688804835492233216,896,172
688789766343622656,2071,608
688547210804498433,2423,635
688519176466644993,2168,666
688385280030670848,8628,4112
688211956440801280,2098,766
688179443353796608,1993,536
688116655151435777,2635,705
688064179421470721,1615,328
687841446767013888,5060,2274
687826841265172480,2539,1017
687818504314159109,2301,875
687807801670897665,2212,661
687732144991551489,1638,604
687704180304273409,2259,773
687664829264453632,1816,476
687494652870668288,1772,534
687480748861947905,1487,222
687476254459715584,1839,486
687460506001633280,1920,496
687399393394311168,1764,561
687317306314240000,18814,8416
687312378585812992,4052,1756
687127927494963200,5013,2068
687124485711986689,2034,466
687109925361856513,5407,2260
687102708889812993,2183,877
687096057537363968,2092,555
686947101016735744,8057,2929
686760001961103360,3263,1270
686749460672679938,3226,1328
686730991906516992,3840,1100
686683045143953408,2634,739
686618349602762752,3437,1249
686606069955735556,1764,498
686394059078897668,1614,636
686386521809772549,3028,795
686377065986265092,2066,516
686358356425093120,2015,606
686286779679375361,3746,1537
686050296934563840,2079,672
686035780142297088,1070,107
686034024800862208,2868,1047
686007916130873345,2296,367
686003207160610816,1692,565
685973236358713344,1950,479
685943807276412928,1515,539
685906723014619143,6943,2609
685681090388975616,1903,110
685667379192414208,2199,511
685663452032069632,2987,1343
685641971164143616,2710,701
685547936038666240,30621,14237
685532292383666176,2832,1055
685325112850124800,8738,3611
685321586178670592,2464,585
685315239903100929,3060,952
685307451701334016,1939,400
685268753634967552,2869,1086
685198997565345792,2155,595
685169283572338688,3814,1287
684969860808454144,2230,329
684959798585110529,6334,2837
684940049151070208,2982,948
684926975086034944,3246,421
684914660081053696,3244,1337
684902183876321280,1730,473
684880619965411328,1935,732
684830982659280897,32597,19872
684800227459624960,2534,910
684594889858887680,8250,3204
684588130326986752,3840,1289
684567543613382656,2779,1113
684538444857667585,2454,863
684481074559381504,3605,1081
684460069371654144,1834,508
684241637099323392,7538,2972
684225744407494656,1158,184
684222868335505415,3553,1247
684200372118904832,1996,950
684195085588783105,1773,460
684188786104872960,3253,1063
684177701129875456,1878,597
684147889187209216,2773,1383
684122891630342144,1872,426
684097758874210310,3823,1308
683857920510050305,3545,1025
683852578183077888,1802,317
683849932751646720,2431,861
683834909291606017,2435,1029
683828599284170753,2604,976
683773439333797890,3097,1227
683742671509258241,6010,3035
683515932363329536,6840,2642
683498322573824003,2955,882
683481228088049664,2473,913
683462770029932544,2261,623
683449695444799489,3604,1466
683391852557561860,7108,2196
683357973142474752,2692,829
683142553609318400,2661,948
683111407806746624,3165,825
683098815881154561,2018,594
683078886620553216,1868,522
683030066213818368,2012,677
682962037429899265,34046,15002
682808988178739200,1636,156
682788441537560576,2303,1026
682750546109968385,1410,400
682697186228989953,1223,336
682662431982772225,2840,995
682638830361513985,1918,537
682429480204398592,3205,1053
682406705142087680,7024,1597
682393905736888321,2090,602
682389078323662849,1554,431
682303737705140231,2847,892
682259524040966145,3840,1086
682242692827447297,2993,1051
682088079302213632,16903,8959
682059653698686977,4576,1550
682047327939461121,2963,854
682032003584274432,6111,1816
682003177596559360,2889,1378
681981167097122816,2611,931
681891461017812993,2287,753
681694085539872773,11914,3727
681679526984871937,1641,401
681654059175129088,2439,823
681610798867845120,1746,425
681579835668455424,3277,1186
681523177663676416,13259,5253
681340665377193984,1527,246
681339448655802368,8614,3727
681320187870711809,2438,676
681302363064414209,3626,1637
681297372102656000,2987,868
681281657291280384,2991,1006
681261549936340994,1337,239
681242418453299201,1374,478
681231109724700672,2252,443
681193455364796417,3441,1350
680970795137544192,2229,591
680959110691590145,4244,1834
680940246314430465,2949,945
680934982542561280,1935,399
680913438424612864,2233,569
680889648562991104,1625,331
680836378243002368,3208,1193
680805554198020098,2000,612
680801747103793152,2208,751
680798457301471234,2623,945
680609293079592961,2428,635
680583894916304897,3336,1202
680497766108381184,3927,1754
680494726643068929,1583,444
680473011644985345,2359,683
680440374763077632,1337,447
680221482581123072,1369,266
680206703334408192,2613,1060
680191257256136705,1995,447
680176173301628928,3588,1409
680161097740095489,2157,677
680145970311643136,3350,1576
680130881361686529,2127,862
680115823365742593,2516,835
680100725817409536,3331,1264
680085611152338944,11840,8215
680070545539371008,2405,784
679877062409191424,1821,588
679872969355714560,2027,601
679862121895714818,2276,562
679854723806179328,2629,1111
679844490799091713,2203,693
679828447187857408,33422,12699
679777920601223168,2873,1003
679736210798047232,1925,725
679729593985699840,2003,756
679722016581222400,1546,428
679530280114372609,4406,1903
679527802031484928,2441,655
679511351870550016,3097,1151
679503373272485890,2934,1346
679475951516934144,1938,588
679462823135686656,29414,17106
679405845277462528,2193,1079
679158373988876288,19558,7288
679148763231985668,2570,940
679132435750195208,2730,1043
679111216690831360,5475,2329
679062614270468097,15591,7260
679047485189439488,2064,591
679001094530465792,2619,1103
678991772295516161,2088,1028
678969228704284672,1504,415
678800283649069056,2367,824
678798276842360832,3176,1037
678774928607469569,2587,825
678767140346941444,3252,1243
678764513869611008,1491,423
678755239630127104,6528,2949
678740035362037760,3423,1500
678708137298427904,5178,2207
678675843183484930,2620,1325
678643457146150913,1887,362
678446151570427904,3679,1383
678424312106393600,5027,2302
678410210315247616,3854,1621
678399652199309312,74047,28830
678396796259975168,1468,377
678389028614488064,1718,384
678380236862578688,2258,826
678341075375947776,1585,475
678334497360859136,1188,226
678278586130948096,10476,5532
678255464182861824,1463,332
678023323247357953,1754,344
678021115718029313,12458,5675
677961670166224897,3155,1533
677918531514703872,1229,367
677895101218201600,4417,1855
677716515794329600,2801,885
677700003327029250,3131,1301
677698403548192770,1124,291
677687604918272002,2276,763
677673981332312066,3050,1359
677662372920729601,1788,854
677644091929329666,1721,732
677573743309385728,1948,608
677565715327688705,1201,415
677557565589463040,2244,1030
677547928504967168,6365,3322
677530072887205888,974,206
677335745548390400,2779,1563
677334615166730240,1232,253
677331501395156992,992,212
677328882937298944,3359,1360
677314812125323265,1512,475
677301033169788928,1121,356
677269281705472000,1806,639
677228873407442944,3232,1477
677187300187611136,2505,816
676975532580409345,2544,957
676957860086095872,2043,727
676949632774234114,1195,353
676948236477857792,1975,782
676946864479084545,1586,330
676942428000112642,1891,674
676936541936185344,11701,4470
676916996760600576,2714,1630
676897532954456065,2065,652
676864501615042560,1909,633
676821958043033607,20869,13912
676819651066732545,1664,602
676811746707918848,1318,385
676776431406465024,4556,1813
676617503762681856,2630,858
676613908052996102,994,179
676606785097199616,1733,392
676603393314578432,1049,344
676593408224403456,4168,1909
676590572941893632,844,110
676588346097852417,2089,703
676582956622721024,1087,252
676575501977128964,2346,995
676533798876651520,1711,494
676496375194980353,1383,471
676470639084101634,10658,4205
676440007570247681,1574,595
676430933382295552,1272,305
676263575653122048,1901,487
676237365392908289,1098,253
676219687039057920,71447,27997
676215927814406144,1584,519
676191832485810177,2070,929
676146341966438401,1764,597
676121918416756736,1977,1035
676101918813499392,2597,1056
676098748976615425,2700,1257
676089483918516224,1191,393
675898130735476737,1458,512
675891555769696257,1940,772
675888385639251968,2137,845
675878199931371520,3802,1247
675870721063669760,1484,505
675853064436391936,2451,1144
675849018447167488,872,124
675845657354215424,2063,784
675822767435051008,1391,481
675820929667219457,963,209
675798442703122432,9388,3074
675781562965868544,1467,423
675740360753160193,1070,299
675710890956750848,1701,726
675707330206547968,1796,608
675706639471788032,588,86
675534494439489536,1673,365
675531475945709568,1078,335
675522403582218240,948,251
675517828909424640,1162,413
675501075957489664,15692,5267
675497103322386432,2843,1148
675489971617296384,1163,531
675483430902214656,1676,860
675432746517426176,1371,505
675372240448454658,1538,459
675362609739206656,951,197
675354435921575936,29635,14978
675349384339542016,3554,2018
675334060156301312,2502,1141
675166823650848770,3196,1391
675153376133427200,5640,2281
675149409102012420,3381,1518
675147105808306176,846,201
675146535592706048,1065,257
675145476954566656,1929,789
675135153782571009,1174,416
675113801096802304,1754,691
675111688094527488,872,214
675109292475830276,2535,1004
675047298674663426,937,276
675015141583413248,2444,1050
675006312288268288,879,202
675003128568291329,1402,407
674999807681908736,2003,964
674805413498527744,771,320
674800520222154752,2718,757
674793399141146624,2237,963
674790488185167872,996,219
674788554665512960,726,183
674781762103414784,1817,1054
674774481756377088,997,416
674767892831932416,1637,694
674764817387900928,704,202
674754018082705410,1230,386
674752233200820224,1314,404
674743008475090944,1263,471
674742531037511680,433,45
674739953134403584,977,330
674737130913071104,582,81
674690135443775488,1034,413
674670581682434048,1459,573
674664755118911488,818,206
674646392044941312,1291,430
674644256330530816,938,246
674638615994089473,1527,520
674632714662858753,1351,506
674606911342424069,844,87
674468880899788800,5611,1797
674447403907457024,962,315
674436901579923456,994,345
674422304705744896,1292,471
674416750885273600,615,118
674410619106390016,1077,405
674394782723014656,1347,495
674372068062928900,769,280
674330906434379776,512,67
674318007229923329,1263,456
674307341513269249,10216,6098
674291837063053312,13282,5185
674271431610523648,1408,650
674269164442398721,830,205
674265582246694913,1468,735
674262580978937856,1189,387
674255168825880576,1314,471
674082852460433408,686,145
674075285688614912,897,248
674063288070742018,5774,1922
674053186244734976,2972,1138
674051556661161984,1302,434
674045139690631169,1274,568
674042553264685056,639,111
674038233588723717,987,372
674036086168010753,767,181
674024893172875264,1595,1094
674019345211760640,1024,268
674014384960745472,1401,566
674008982932058114,1089,305
673956914389192708,1765,846
673919437611909120,1060,328
673906403526995968,2867,1450
673887867907739649,848,223
673716320723169284,2807,675
673715861853720576,3194,1826
673711475735838725,946,266
673709992831262724,759,238
673708611235921920,955,257
673707060090052608,989,348
673705679337693185,1130,361
673700254269775872,1287,505
673697980713705472,3537,1709
673689733134946305,1562,574
673688752737402881,1138,442
673686845050527744,1285,382
673680198160809984,1238,419
673662677122719744,1136,329
673656262056419329,654,202
673636718965334016,999,317
673612854080196609,1437,634
673583129559498752,1073,318
673580926094458881,744,241
673576835670777856,1240,492
673363615379013632,933,268
673359818736984064,1301,597
673355879178194945,1355,500
673352124999274496,1503,477
673350198937153538,691,185
673345638550134785,2245,1114
673343217010679808,868,237
673342308415348736,1148,496
673320132811366400,12068,6941
673317986296586240,787,218
673295268553605120,6782,2775
673270968295534593,964,316
673240798075449344,1287,620
673213039743795200,1991,732
673148804208660480,1503,552
672997845381865473,1763,634
672995267319328768,851,257
672988786805112832,881,254
672984142909456390,1124,475
672980819271634944,1634,895
672975131468300288,1510,788
672970152493887488,848,309
672968025906282496,1195,477
672964561327235073,1267,558
672902681409806336,1235,430
672898206762672129,801,364
672884426393653248,1377,737
672877615439593473,913,307
672834301050937345,1162,506
672828477930868736,1117,421
672640509974827008,879,276
672622327801233409,1158,424
672614745925664768,1098,515
672609152938721280,978,338
672604026190569472,979,342
672594978741354496,1185,535
672591762242805761,851,289
672591271085670400,647,160
672538107540070400,913,319
672523490734551040,556,147
672488522314567680,998,380
672482722825261057,996,521
672481316919734272,646,111
672475084225949696,1303,614
672466075045466113,1201,453
672272411274932228,5766,2955
672267570918129665,1322,543
672264251789176834,1017,290
672256522047614977,2540,1337
672254177670729728,1285,656
672248013293752320,1549,527
672245253877968896,613,134
672239279297454080,809,278
672231046314901505,1631,884
672222792075620352,708,176
672205392827572224,2002,1017
672169685991993344,910,321
672160042234327040,774,305
672139350159835138,1558,599
672125275208069120,2129,1000
672095186491711488,886,328
672082170312290304,842,322
672068090318987265,1148,444
671896809300709376,7678,3699
671891728106971137,1178,491
671882082306625538,3129,1227
671879137494245376,1261,583
671874878652489728,1113,483
671866342182637568,1005,423
671855973984772097,799,376
671789708968640512,6361,3027
671768281401958400,1063,437
671763349865160704,1500,787
671744970634719232,1217,671
671743150407421952,675,203
671735591348891648,1297,663
671729906628341761,7550,3835
671561002136281088,11459,6367
671550332464455680,814,184
671547767500775424,1212,501
671544874165002241,1740,895
671542985629241344,967,489
671538301157904385,837,338
671536543010570240,1047,348
671533943490011136,903,500
671528761649688577,746,219
671520732782923777,1230,459
671518598289059840,840,255
671511350426865664,1434,610
671504605491109889,6278,3151
671497587707535361,832,394
671488513339211776,886,418
671486386088865792,512,174
671485057807351808,681,198
671390180817915904,1285,661
671362598324076544,988,258
671357843010908160,350,133
671355857343524864,423,105
671347597085433856,839,374
671186162933985280,643,181
671182547775299584,982,290
671166507850801152,786,303
671163268581498880,1466,975
671159727754231808,315,70
671154572044468225,628,187
671151324042559489,591,130
671147085991960577,589,194
671141549288370177,1029,576
671138694582165504,826,347
671134062904504320,658,165
671122204919246848,3102,2203
671115716440031232,1222,681
671109016219725825,1020,383
670995969505435648,978,248
670842764863651840,22242,7639
670840546554966016,523,167
670838202509447168,990,603
670833812859932673,381,109
670832455012716544,649,187
670826280409919488,4899,3537
670823764196741120,679,162
670822709593571328,545,83
670815497391357952,2801,1334
670811965569282048,992,232
670807719151067136,1052,430
670804601705242624,1750,830
670803562457407488,307,79
670797304698376195,662,206
670792680469889025,737,239
670789397210615808,589,210
670786190031921152,535,171
670783437142401025,734,335
670782429121134593,1360,664
670780561024270336,704,251
670778058496974848,300,62
670764103623966721,964,376
670755717859713024,393,89
670733412878163972,852,452
670727704916926465,743,316
670717338665226240,1066,422
670704688707301377,689,322
670691627984359425,522,211
670679630144274432,670,245
670676092097810432,216,35
670668383499735048,9523,4365
670474236058800128,1343,637
670468609693655041,318,77
670465786746662913,863,476
670452855871037440,491,175
670449342516494336,1082,573
670444955656130560,6098,1749
670442337873600512,582,176
670435821946826752,945,445
670434127938719744,1265,565
670433248821026816,297,100
670428280563085312,1241,530
670427002554466305,468,142
670421925039075328,1153,555
670420569653809152,545,268
670417414769758208,506,286
670411370698022913,1802,777
670408998013820928,489,190
670403879788544000,378,131
670385711116361728,496,175
670374371102445568,675,238
670361874861563904,291,56
670338931251150849,379,96
670319130621435904,3497,1075
670303360680108032,388,109
670290420111441920,626,251
670093938074779648,919,282
670086499208155136,625,221
670079681849372674,1972,1065
670073503555706880,1394,685
670069087419133954,559,206
670061506722140161,670,290
670055038660800512,598,281
670046952931721218,577,153
670040295598354432,670,97
670037189829525505,530,241
670003130994700288,296,78
669993076832759809,290,70
669972011175813120,398,136
669970042633789440,272,44
669942763794931712,447,135
669926384437997569,341,81
669923323644657664,204,50
669753178989142016,713,344
669749430875258880,230,55
669684865554620416,453,75
669683899023405056,340,94
669682095984410625,313,116
669680153564442624,594,246
669661792646373376,720,369
669625907762618368,3147,1581
669603084620980224,858,317
669597912108789760,451,134
669583744538451968,1329,813
669573570759163904,392,121
669571471778410496,1416,892
669567591774625800,203,45
669564461267722241,339,105
669393256313184256,317,62
669375718304980992,1181,637
669371483794317312,440,148
669367896104181761,409,132
669363888236994561,559,202
669359674819481600,332,103
669354382627049472,2402,1099
669353438988365824,567,231
669351434509529089,383,159
669328503091937280,911,369
669327207240699904,500,102
669324657376567296,442,182
669216679721873412,1065,349
669214165781868544,387,135
669203728096960512,895,410
669037058363662336,582,268
669015743032369152,656,325
669006782128353280,516,210
669000397445533696,18840,5568
668994913074286592,391,194
668992363537309700,662,294
668989615043424256,598,288
668988183816871936,804,392
668986018524233728,484,140
668981893510119424,488,261
668979806671884288,709,295
668975677807423489,1163,503
668967877119254528,129,18
668960084974809088,622,212
668955713004314625,242,63
668932921458302977,229,50
668902994700836864,277,88
668892474547511297,357,128
668872652652679168,478,268
668852170888998912,411,139
668826086256599040,385,113
668815180734689280,501,227
668779399630725120,636,327
668655139528511488,479,192
668645506898350081,785,462
668643542311546881,792,450
668641109086707712,952,471
668636665813057536,926,436
668633411083464705,2481,1393
668631377374486528,627,283
668627278264475648,282,97
668625577880875008,332,112
668623201287675904,1255,655
668620235289837568,182,35
668614819948453888,548,274
668587383441514497,1487,931
668567822092664832,208,47
668544745690562560,453,198
668542336805281792,403,183
668537837512433665,226,61
668528771708952576,408,190
668507509523615744,282,88
668496999348633600,363,115
668484198282485761,373,209
668480044826800133,402,128
668466899341221888,778,444
668297328638447616,558,256
668291999406125056,213,28
668286279830867968,440,119
668274247790391296,729,198
668268907921326080,488,207
668256321989451776,1158,521
668248472370458624,845,411
668237644992782336,5498,2451
668226093875376128,251,85
668221241640230912,455,171
668204964695683073,494,173
668190681446379520,581,171
668171859951755264,428,162
668154635664932864,444,273
668142349051129856,512,241
668113020489474048,590,208
667937095915278337,1117,698
667924896115245057,264,96
667915453470232577,185,46
667911425562669056,433,248
667902449697558528,765,337
667886921285246976,1654,914
667885044254572545,735,403
667878741721415682,349,101
667873844930215936,556,345
667866724293877760,2736,906
667861340749471744,221,69
667832474953625600,257,55
667806454573760512,937,423
667801013445750784,286,82
667793409583771648,613,288
667782464991965184,365,210
667773195014021121,207,44
667766675769573376,379,187
667728196545200128,325,128
667724302356258817,427,272
667550904950915073,0,29
667550882905632768,0,26
667549055577362432,5148,1978
667546741521195010,303,109
667544320556335104,767,462
667538891197542400,176,58
667534815156183040,727,452
667530908589760512,414,208
667524857454854144,1515,975
667517642048163840,333,167
667509364010450944,6118,1871
667502640335572993,487,195
667495797102141441,459,232
667491009379606528,461,193
667470559035432960,225,85
667455448082227200,171,53
667453023279554560,281,75
667443425659232256,684,494
667437278097252352,399,203
667435689202614272,271,77
667405339315146752,417,197
667393430834667520,170,50
667369227918143488,329,145
667211855547486208,430,211
667200525029539841,548,230
667192066997374976,334,87
667188689915760640,647,335
667182792070062081,12645,5320
667177989038297088,167,48
667176164155375616,529,392
667174963120574464,219,70
667171260800061440,187,72
667165590075940865,2392,979
667160273090932737,222,53
667152164079423490,42586,14733
667138269671505920,4042,1884
667119796878725120,290,108
667090893657276420,291,107
667073648344346624,354,104
667070482143944705,72,13
667065535570550784,144,40
667062181243039745,192,45
667044094246576128,163,43
667012601033924608,397,188
666996132027977728,216,79
666983947667116034,2262,849
666837028449972224,709,475
666835007768551424,186,67
666826780179869698,221,80
666817836334096384,447,214
666804364988780544,206,79
666786068205871104,662,413
666781792255496192,331,169
666776908487630848,306,150
666739327293083650,208,60
666701168228331520,372,183
666691418707132416,161,42
666649482315059201,1000,531
666644823164719104,210,71
666454714377183233,449,184
666447344410484738,90,19
666437273139982337,106,40
666435652385423360,139,42
666430724426358785,280,162
666428276349472768,139,67
666421158376562688,277,93
666418789513326592,108,39
666411507551481857,374,263
666407126856765440,93,30
666396247373291520,148,69
666373753744588802,163,73
666362758909284353,655,471
666353288456101888,179,58
666345417576210432,248,126
666337882303524864,168,80
666293911632134144,431,294
666287406224695296,124,57
666273097616637952,152,68
666268910803644416,99,38
666104133288665088,12995,5517
666102155909144576,66,11
666099513787052032,134,54
666094000022159362,143,64
666082916733198337,93,38
666073100786774016,274,132
666071193221509120,128,51
666063827256086533,403,181
666058600524156928,99,47
666057090499244032,252,113
666055525042405380,368,199
666051853826850816,1034,710
666050758794694657,115,50
666049248165822465,89,37
666044226329800704,247,116
666033412701032449,100,36
666029285002620928,112,39
666020888022790149,2308,424
